insolation,Temperature_MAX,Relative_Humidity,Precipitation,Specific_Humidity
4.3,28.42,61.74,0.0,10.15
4.23,28.61,64.57,0.0,10.92
4.17,27.46,67.83,0.0,11.3
4.36,28.25,56.52,0.0,9.0
4.15,27.52,63.82,0.0,10.41
4.42,29.0,55.63,0.0,8.91
4.29,28.34,56.66,0.0,9.18
4.32,29.09,53.54,0.0,8.67
4.29,29.91,52.22,0.0,8.94
4.38,28.96,53.58,0.0,8.88
4.56,27.81,55.87,0.0,8.89
4.55,27.97,54.68,0.0,8.94
4.56,28.08,46.56,0.0,7.22
4.41,28.92,47.4,0.0,7.44
4.49,28.63,56.13,0.0,9.44
4.59,29.63,53.22,0.0,9.44
4.43,29.76,59.56,0.41,10.56
4.42,28.66,68.1,1.47,12.05
4.23,29.19,70.88,1.4,12.93
3.04,28.14,73.46,3.93,13.63
3.89,24.08,70.22,25.37,10.44
4.81,25.54,51.76,0.0,7.2
4.96,25.77,50.13,0.0,6.88
4.94,26.12,49.34,0.0,6.8
4.98,26.63,52.01,0.0,7.5
4.71,27.21,66.62,0.0,10.23
4.46,27.51,72.92,0.0,12.24
4.55,30.51,66.02,0.0,12.25
4.8,29.7,62.61,0.0,10.93
4.95,30.82,58.8,0.0,10.79
5.05,32.85,52.38,0.0,10.14
5.02,31.8,61.75,0.01,11.88
4.69,31.01,68.74,0.0,13.72
4.3,30.82,69.8,0.0,13.8
4.68,29.61,68.78,0.04,13.2
4.81,29.85,66.91,0.01,12.37
4.89,30.13,68.46,0.0,13.18
4.64,30.27,70.81,0.0,13.84
4.95,30.69,69.22,0.03,13.63
4.85,31.13,63.78,0.01,12.8
5.36,31.72,55.28,0.0,10.93
4.9,31.7,69.63,0.0,14.41
5.05,32.59,66.81,0.0,14.72
4.84,32.5,64.51,0.0,14.02
5.01,32.61,64.13,0.0,13.94
5.23,33.09,57.29,0.04,12.69
5.31,33.68,53.88,0.0,12.01
5.46,34.69,50.62,0.0,11.49
5.54,34.8,49.5,0.0,11.3
5.53,36.18,45.88,0.0,10.79
5.59,36.69,46.94,0.0,11.31
5.31,36.05,51.78,0.0,12.48
5.39,36.66,57.5,0.0,14.35
4.88,34.29,66.11,0.03,15.9
4.88,33.52,64.52,0.09,15.29
3.88,31.66,69.19,2.91,15.66
4.35,30.22,71.33,3.21,15.09
3.34,28.46,69.62,2.41,13.49
5.54,31.86,65.23,3.83,13.86
5.32,33.44,60.31,0.78,13.67
4.94,33.17,57.12,0.22,12.99
5.19,33.77,56.51,0.06,13.05
5.59,34.62,52.46,0.0,12.3
5.21,35.14,47.19,0.01,11.27
5.72,35.41,49.26,0.19,11.89
5.85,35.64,52.2,0.1,12.83
5.89,36.28,49.19,0.19,11.86
5.95,36.36,48.77,0.0,11.8
5.28,36.5,50.56,0.0,12.55
5.56,36.19,52.06,0.0,13.19
5.41,35.49,52.68,0.01,13.18
5.58,36.39,54.08,0.02,13.72
6.07,36.9,52.53,0.06,13.21
5.44,33.94,57.64,1.49,13.06
5.97,33.7,57.89,1.24,13.62
6.13,35.58,52.32,0.16,13.48
5.5,35.4,53.9,0.46,14.1
6.13,36.0,57.63,0.98,15.05
6.11,37.43,58.5,0.86,16.02
6.39,39.3,47.62,0.25,13.66
6.5,39.92,41.52,0.06,11.92
6.41,38.46,50.88,0.06,14.3
6.45,38.1,53.86,0.0,14.97
6.39,37.56,55.53,0.0,15.26
6.4,36.22,59.56,0.0,15.73
6.41,37.2,59.56,0.0,15.8
6.39,36.22,62.05,1.18,16.21
6.19,35.62,60.96,2.99,15.71
6.43,36.68,60.03,0.41,15.79
3.89,36.72,61.58,2.04,16.42
6.42,37.13,60.87,2.91,16.51
6.55,38.24,56.28,0.78,15.72
6.45,38.53,56.95,0.29,16.23
6.57,39.25,56.68,0.14,16.48
6.52,39.3,55.97,0.08,16.53
4.15,40.6,51.3,0.06,15.59
6.5,41.14,45.43,0.47,14.5
6.59,41.17,42.23,0.2,13.66
6.62,38.83,45.79,0.41,14.25
6.72,41.11,42.58,0.03,13.52
6.74,42.53,39.12,0.07,12.94
6.65,43.14,38.29,0.0,13.16
6.75,42.73,40.2,0.0,13.68
6.71,42.19,45.96,0.0,14.93
6.85,41.19,53.68,0.0,16.89
6.89,41.06,54.91,0.0,17.22
6.82,41.25,55.78,0.08,17.29
6.53,42.35,52.62,0.15,16.89
6.43,41.13,52.31,0.16,16.53
6.78,41.1,49.24,0.02,15.42
6.77,41.11,51.78,0.01,15.99
6.78,42.64,51.35,0.02,16.94
6.87,42.92,50.76,0.01,17.12
6.96,43.38,48.23,0.01,16.5
6.93,42.42,50.22,0.0,16.59
6.87,40.23,58.94,0.01,18.61
6.23,39.26,61.29,0.21,18.66
6.85,41.7,52.55,0.24,17.18
6.84,42.95,48.45,0.36,16.38
5.6,40.94,50.8,1.4,16.67
2.47,41.81,45.39,2.64,15.41
6.4,42.04,48.09,0.25,15.83
6.91,42.59,48.38,0.41,15.96
6.19,40.67,50.3,0.46,16.42
6.67,40.59,43.94,0.38,14.41
6.72,40.41,48.48,0.31,15.38
6.68,40.01,49.74,2.07,15.82
6.67,37.85,55.1,4.07,16.71
4.61,36.47,60.24,2.41,17.46
6.68,35.65,63.09,2.56,17.6
5.98,37.55,57.8,2.95,17.09
5.72,37.63,59.12,3.81,17.56
6.72,38.34,59.19,2.11,18.21
6.73,39.73,58.7,1.12,18.66
5.97,37.94,62.6,1.28,19.09
6.67,39.55,58.2,0.39,18.18
6.72,39.47,56.71,0.24,17.87
6.63,37.86,62.08,0.45,18.78
4.71,33.17,66.49,2.5,18.19
2.1,32.59,76.9,8.51,19.96
1.99,29.62,86.81,79.02,20.33
6.81,37.31,66.92,3.34,18.5
6.14,37.81,73.37,11.08,21.8
6.77,39.57,63.45,6.05,20.22
6.64,39.77,64.29,2.52,20.26
6.69,39.12,64.62,4.21,20.54
6.85,39.56,60.36,6.11,19.05
4.62,39.73,57.09,1.68,18.41
6.65,38.73,63.53,3.76,19.8
4.57,35.76,65.79,4.29,19.15
5.64,36.93,67.09,1.99,19.48
6.36,35.31,71.1,4.11,20.23
5.65,34.35,73.05,8.75,20.28
6.63,33.05,78.53,6.56,20.78
3.98,30.62,85.64,12.89,21.5
3.41,31.56,78.74,11.43,19.41
4.52,33.05,74.85,2.38,19.34
4.04,32.56,76.01,2.47,19.76
5.16,32.38,77.95,7.02,20.22
3.83,32.24,79.3,8.17,20.06
4.03,31.77,80.85,8.75,20.52
6.33,35.64,75.44,1.86,21.16
6.35,34.77,73.78,0.5,20.87
5.93,34.73,76.08,0.76,21.9
5.45,30.65,81.94,4.98,21.2
4.3,34.88,73.93,0.43,20.52
1.17,31.78,82.4,24.72,21.34
1.61,29.32,86.86,5.08,21.18
3.54,32.07,80.76,10.69,20.36
3.34,31.28,82.75,6.84,20.51
4.37,31.5,81.81,9.56,20.48
4.53,31.56,82.24,5.59,20.51
5.68,32.58,78.47,0.5,19.72
5.99,32.44,77.62,0.63,19.98
5.89,33.15,76.97,1.19,20.07
6.16,31.84,80.33,2.27,20.51
6.0,34.33,73.0,0.51,19.57
2.68,31.92,80.98,24.47,20.66
2.8,30.98,85.21,20.48,21.02
4.08,31.37,85.04,9.29,20.98
5.14,31.83,84.31,9.47,21.17
4.23,32.29,82.43,3.78,21.37
2.64,31.95,85.2,3.06,21.67
1.35,31.14,85.94,16.88,21.66
1.5,31.6,84.68,16.17,21.46
2.13,30.15,88.12,9.01,21.61
1.07,31.12,87.26,6.55,21.42
4.04,31.42,84.93,1.99,21.55
3.38,31.98,84.59,5.81,21.52
1.59,30.6,86.98,25.57,21.11
3.35,29.74,83.47,3.04,19.26
2.54,31.4,81.06,3.25,19.43
2.78,31.96,81.76,3.72,20.31
4.28,31.04,83.98,2.85,20.6
4.56,32.33,80.93,4.11,20.67
2.39,31.97,83.03,4.52,21.36
2.37,31.66,85.99,18.67,21.7
3.26,30.55,87.11,6.42,21.08
4.69,29.91,86.77,6.5,20.51
5.33,31.72,81.33,3.02,19.76
5.59,32.07,82.17,4.2,20.32
5.6,31.9,81.75,2.28,20.51
4.45,32.21,82.76,7.43,20.82
2.49,31.52,83.09,5.52,20.46
3.82,29.74,87.12,12.36,20.72
3.14,29.74,86.61,11.39,20.04
3.09,29.71,87.86,18.55,20.25
0.95,28.56,89.56,24.58,19.99
5.03,30.43,84.61,4.38,19.61
5.38,31.77,80.78,0.77,19.41
6.17,31.12,84.25,2.52,20.48
3.05,29.61,87.65,7.17,20.67
3.11,29.58,88.01,30.62,20.43
4.06,29.04,88.73,22.14,20.29
3.67,29.43,89.68,29.19,20.82
2.16,29.77,87.38,28.97,20.76
0.91,30.97,87.4,36.84,20.82
1.25,29.39,87.98,21.35,20.61
1.38,30.47,88.43,15.71,21.41
2.46,30.97,85.88,4.98,21.07
3.03,30.14,88.03,15.47,20.73
2.38,28.33,91.5,24.38,20.54
1.41,28.97,89.92,10.61,20.59
2.28,30.93,87.24,8.06,20.9
4.31,30.68,86.75,3.35,20.97
4.49,31.3,85.4,2.72,21.02
4.64,30.51,87.74,6.02,21.52
2.85,30.03,89.32,10.61,21.53
2.6,29.22,90.01,46.1,20.75
2.42,29.41,89.37,24.14,20.02
3.07,31.68,81.79,2.61,19.66
6.19,32.29,80.83,0.79,20.06
6.07,32.08,80.68,0.35,20.24
4.3,30.81,83.97,2.64,20.11
3.26,29.3,87.77,17.5,20.18
5.75,29.26,87.33,4.75,19.81
4.9,31.43,81.92,6.8,20.05
4.5,31.65,84.13,10.76,20.76
3.83,30.0,88.45,5.17,20.63
5.6,30.57,87.71,4.37,20.81
5.72,30.26,88.08,0.86,20.79
5.82,30.86,84.79,0.41,20.19
5.65,30.5,86.26,1.91,20.76
2.57,30.86,85.76,5.58,20.58
3.2,29.66,89.11,6.46,20.71
2.33,29.84,90.02,4.37,21.21
2.94,29.48,88.79,17.55,20.61
1.26,29.07,90.49,27.37,20.37
1.47,27.92,90.67,12.17,19.67
2.84,31.15,84.06,4.58,19.44
2.29,30.94,83.79,1.18,19.46
2.83,30.1,85.63,3.01,19.73
4.29,31.06,86.75,2.02,20.65
5.17,30.82,87.3,4.78,20.8
4.31,30.86,87.81,4.96,20.95
1.2,29.37,90.24,10.75,20.99
2.52,29.87,89.44,8.29,20.55
4.04,30.13,88.72,9.68,20.37
3.51,30.0,88.51,3.66,20.47
4.31,29.59,88.21,4.59,20.56
3.53,29.43,89.0,10.37,20.53
4.84,30.51,86.79,5.14,20.4
5.45,31.0,85.21,0.48,20.44
5.72,31.14,84.5,0.44,20.29
4.29,29.34,90.83,6.17,20.77
3.37,29.64,89.32,12.19,20.62
3.14,29.52,89.74,13.96,20.47
2.85,28.73,91.42,17.74,20.63
4.35,29.46,90.45,9.28,20.94
3.54,29.65,90.22,6.47,20.82
3.82,29.36,90.45,20.75,20.96
2.56,29.15,91.24,19.97,20.82
3.06,29.7,87.92,5.97,19.95
4.09,29.7,89.53,10.21,20.23
3.96,29.42,89.22,6.69,20.16
4.46,30.01,83.92,1.92,19.2
5.55,30.78,83.58,0.33,19.38
5.39,31.48,83.22,2.76,20.15
5.57,29.81,88.27,7.86,20.64
2.92,28.96,86.61,23.61,19.59
2.89,29.69,88.13,9.36,19.75
2.94,30.08,86.08,2.49,19.78
4.26,29.05,89.03,4.13,20.2
3.1,30.74,84.98,8.24,20.09
5.13,30.38,83.57,2.73,18.92
5.77,31.43,78.93,1.28,17.5
5.83,30.82,69.46,0.0,15.13
5.44,30.26,71.06,0.0,14.87
5.79,29.44,68.83,0.0,13.82
5.75,29.17,70.34,0.0,13.96
5.69,29.73,74.97,0.0,15.29
5.48,29.88,77.81,0.0,16.18
5.66,30.26,76.27,0.0,15.99
5.52,29.82,72.78,0.0,14.71
5.68,29.48,72.32,0.0,13.95
4.95,29.23,74.55,0.0,14.29
5.54,29.1,74.62,0.0,13.51
3.79,28.72,77.58,0.0,13.7
5.39,27.61,78.19,0.0,13.53
4.8,28.58,81.54,4.36,14.42
4.22,29.62,87.01,6.15,17.93
3.8,29.24,84.97,0.25,17.81
3.89,29.28,85.02,0.13,17.78
5.23,29.1,85.06,0.01,17.33
5.14,29.13,83.8,0.04,16.48
4.74,29.32,86.78,0.03,17.68
4.96,29.37,84.94,0.07,17.36
1.93,28.14,88.89,5.23,17.51
1.81,26.59,90.38,15.34,17.03
3.24,25.29,92.36,43.6,16.74
5.07,27.79,81.02,0.02,14.34
4.78,27.24,78.37,0.0,12.61
5.24,26.73,74.93,0.0,11.63
5.03,26.32,72.1,0.0,10.94
4.95,24.99,72.18,0.0,10.54
5.05,26.37,72.13,0.0,11.29
4.87,26.82,70.61,0.0,11.69
4.77,27.01,75.61,0.0,12.86
4.48,27.58,80.63,0.0,14.34
4.34,27.8,83.82,0.0,15.22
4.6,26.83,78.43,0.0,13.37
4.89,25.89,72.25,0.0,10.83
4.91,25.49,70.21,0.0,10.28
4.8,25.54,71.31,0.0,10.54
4.82,26.32,69.63,0.0,10.71
4.61,25.94,74.89,0.0,11.03
4.8,26.02,73.27,0.0,10.6
4.65,25.63,70.1,0.0,10.01
4.72,25.86,70.74,0.0,10.11
4.74,26.05,70.79,0.0,10.16
4.64,25.94,74.95,0.0,10.57
4.65,26.48,79.0,0.0,11.3
4.48,26.54,78.5,0.0,11.52
4.54,26.88,72.19,0.0,11.02
4.19,26.39,76.8,0.0,11.88
3.35,25.55,87.33,0.0,13.64
3.4,25.95,88.96,0.0,14.55
4.09,27.09,83.85,0.0,14.15
4.39,26.44,79.38,0.0,12.66
4.41,26.15,76.14,0.0,11.72
4.5,25.43,73.09,0.0,10.55
4.48,25.33,73.2,0.0,10.52
4.43,25.71,76.49,0.0,11.24
4.33,25.21,72.55,0.0,10.25
4.34,24.51,75.21,0.0,10.07
3.58,24.21,76.26,0.0,10.52
4.16,25.26,72.49,0.0,10.76
4.18,25.61,69.75,0.0,10.22
4.12,25.56,71.2,0.0,10.75
4.21,25.67,62.13,0.0,8.99
4.36,24.27,64.02,0.0,8.47
4.36,24.74,65.71,0.0,8.73
4.31,24.59,66.58,0.0,8.73
4.38,24.56,65.19,0.0,8.82
4.4,24.59,64.19,0.0,8.34
4.44,24.95,64.25,0.0,8.16
4.43,24.75,62.79,0.0,8.14
4.17,24.26,59.14,0.0,7.71
4.35,24.86,63.4,0.0,8.65
4.19,25.13,69.27,0.0,10.02
4.33,26.28,69.7,0.0,10.38
4.27,25.44,76.85,0.0,10.38
4.03,24.51,78.83,0.0,10.96
4.3,25.18,75.95,0.0,10.82
3.96,25.4,75.96,0.0,11.16
4.11,25.77,79.58,0.0,12.02
3.94,26.17,77.15,0.0,12.07
3.97,26.16,75.81,0.11,11.88
3.92,25.71,72.94,0.25,11.6
4.24,26.09,68.49,0.02,10.63
4.47,26.26,60.6,0.0,9.21
4.51,26.34,56.71,0.0,8.48
4.52,26.15,57.14,0.0,8.34
4.53,26.64,59.02,0.0,8.84
4.52,27.04,60.08,0.0,9.27
4.3,26.98,72.85,0.0,11.26
4.18,25.11,72.46,0.0,11.13
4.23,24.45,74.28,0.0,10.7
4.45,24.05,72.38,0.0,9.66
4.59,24.29,65.7,0.0,8.78
4.64,24.56,55.16,0.0,7.36
4.75,26.46,50.24,0.0,6.91
4.57,26.99,52.06,0.0,7.53
4.66,27.65,61.42,0.0,9.39
4.77,27.42,62.37,0.0,9.07
4.77,28.41,59.14,0.0,8.82
4.81,28.76,60.77,0.0,9.34
4.72,29.12,54.05,0.0,8.4
4.85,29.1,53.38,0.0,8.53
4.85,28.35,57.79,0.0,8.96
4.95,28.72,62.6,0.0,9.83
4.86,28.41,62.14,0.0,9.76
1.55,28.71,62.0,0.01,10.26
4.93,29.75,61.27,0.0,10.42
4.99,28.0,64.95,0.01,10.33
5.04,28.88,62.09,0.0,10.1
5.03,29.26,65.08,0.0,10.98
4.93,29.36,68.61,0.0,11.78
4.46,28.6,71.38,0.0,12.38
4.72,27.93,70.09,0.0,11.84
5.18,28.27,65.57,0.0,10.82
5.22,29.41,63.24,0.0,10.85
5.36,31.45,57.85,0.0,10.48
5.31,31.89,51.56,0.0,9.46
5.39,31.34,61.43,0.0,11.21
5.3,31.55,61.63,0.0,11.61
5.35,31.4,64.18,0.0,11.99
5.28,30.79,65.77,0.0,12.1
5.27,30.63,63.14,0.0,11.6
5.35,30.31,57.91,0.0,10.49
5.34,30.88,57.99,0.0,10.57
5.46,31.47,55.07,0.0,10.48
5.48,31.58,53.27,0.0,10.39
5.56,31.43,58.6,0.0,11.33
5.53,31.61,63.43,0.0,12.39
5.56,32.12,65.12,0.0,13.07
5.77,34.43,51.29,0.0,10.86
5.7,34.09,62.64,0.0,13.32
5.67,34.02,67.79,0.0,14.94
5.68,34.5,64.2,0.0,14.55
5.44,33.2,63.47,0.0,13.91
6.03,33.04,41.67,0.0,8.43
6.1,33.84,41.5,0.0,8.17
5.93,33.75,58.12,0.0,12.02
5.9,33.68,59.16,0.0,12.7
5.92,34.86,53.96,0.0,11.96
5.96,34.4,51.68,0.0,11.4
6.02,35.66,46.35,0.0,10.53
5.81,34.79,51.75,0.0,11.5
5.87,35.65,63.36,0.1,15.24
5.47,34.89,60.9,0.61,15.0
4.02,33.33,66.66,7.23,15.71
3.59,31.22,76.26,15.21,17.01
4.63,32.32,74.66,10.47,17.08
4.61,33.72,70.24,10.99,16.65
3.45,32.54,74.67,11.74,17.47
6.12,33.96,59.68,2.54,13.99
6.16,31.84,59.7,0.0,12.13
6.02,31.77,57.11,0.0,11.54
5.73,32.43,57.05,0.0,12.07
6.24,33.39,56.65,0.0,12.3
6.27,34.23,58.08,0.05,13.0
6.09,34.46,63.02,0.65,15.32
5.96,34.05,67.0,1.29,15.77
6.22,32.34,66.39,1.81,15.23
6.44,33.97,54.36,0.01,12.33
6.58,35.85,50.61,0.0,11.78
6.55,36.78,55.81,0.0,13.66
6.5,37.42,56.59,0.0,14.52
6.41,36.2,61.56,0.0,15.47
6.38,36.19,63.67,0.0,16.12
6.39,35.75,65.01,0.0,16.33
6.48,38.19,58.57,0.0,15.63
6.51,37.85,59.21,0.0,15.75
6.59,38.13,60.38,0.0,16.18
6.46,36.94,66.44,0.0,17.51
6.58,37.8,64.48,0.05,17.22
6.47,38.4,61.93,0.44,16.96
6.51,36.88,62.52,1.36,16.84
6.54,36.74,65.41,0.4,17.31
6.3,37.81,63.52,0.53,17.39
6.31,37.23,65.82,0.7,18.27
6.47,36.15,69.21,0.21,18.84
6.45,37.67,66.56,0.09,18.65
6.56,38.57,63.52,0.09,18.29
6.5,38.27,60.65,0.11,17.35
7.14,39.57,48.09,0.05,13.83
6.96,38.97,51.27,0.0,14.12
6.95,37.27,59.41,0.0,15.54
6.88,36.92,58.88,0.0,15.06
6.94,36.43,60.44,0.0,15.38
6.66,37.07,60.35,0.78,15.91
5.64,34.52,71.54,5.64,18.43
6.61,35.74,68.55,1.13,18.33
6.61,35.23,70.96,3.4,19.06
6.81,37.95,67.29,3.48,18.91
6.79,38.99,62.71,0.78,18.51
5.23,40.22,58.71,0.27,17.98
6.37,39.93,57.94,0.22,17.45
6.99,40.84,54.81,0.25,16.89
7.13,41.45,48.65,0.07,15.2
6.87,41.18,47.26,0.04,14.56
6.65,39.13,57.26,0.03,17.08
6.99,40.21,52.53,0.02,16.05
6.49,39.53,56.91,0.03,17.04
6.81,39.04,58.05,0.06,17.28
5.15,35.94,62.72,0.39,17.48
6.64,37.97,56.51,0.75,16.28
6.8,39.34,54.65,0.22,16.32
6.7,40.76,52.2,0.19,16.25
6.58,41.08,52.06,0.08,16.3
6.56,39.36,58.12,1.79,17.59
6.48,39.27,56.0,2.03,16.74
6.68,38.25,58.25,1.63,17.25
5.6,35.56,65.73,7.69,18.22
5.59,34.21,72.77,11.49,19.01
6.32,37.41,62.64,1.39,17.64
6.7,38.23,61.26,1.68,17.76
6.68,40.15,58.43,2.67,18.11
6.82,39.66,61.74,2.0,19.1
6.77,40.23,61.75,1.82,19.73
6.41,39.14,65.04,2.25,20.62
6.51,37.98,66.96,0.8,20.85
5.81,36.11,70.25,2.6,21.13
6.71,34.62,69.7,2.78,19.97
6.74,39.16,58.23,0.88,18.22
6.78,36.76,65.8,4.1,19.57
6.67,37.34,66.56,0.77,20.01
6.71,35.65,72.39,1.89,20.94
6.58,36.34,69.64,2.29,20.33
6.72,37.65,63.74,2.11,19.17
6.53,37.56,62.15,1.08,18.76
5.71,34.61,70.82,1.42,19.85
5.98,36.3,61.15,1.14,17.88
5.8,39.29,54.76,0.89,17.31
6.31,40.34,53.81,2.42,18.22
5.73,37.97,59.75,5.73,19.16
6.09,36.74,67.96,5.29,20.63
3.21,35.61,70.48,3.35,20.67
5.58,35.02,72.83,4.48,21.15
6.61,40.36,59.64,2.24,19.89
5.39,38.35,61.88,4.36,19.56
4.16,33.57,75.09,6.05,21.01
5.38,35.94,62.09,0.49,18.03
5.12,37.55,57.2,0.28,17.33
4.57,35.65,62.44,1.49,18.29
3.44,32.04,78.13,10.3,20.28
2.4,32.28,78.2,5.55,20.38
4.04,32.51,75.93,9.84,20.17
3.57,31.61,76.32,1.36,20.24
5.16,33.13,77.63,12.14,20.68
4.31,31.81,85.26,17.96,21.57
1.92,31.61,80.79,5.42,20.48
5.94,35.6,69.01,1.08,19.21
6.05,36.51,68.59,1.04,20.13
5.21,33.68,72.43,2.84,20.15
3.42,31.81,81.78,16.6,21.21
3.65,31.23,83.31,8.03,20.79
2.04,31.84,80.03,10.25,20.29
6.37,31.36,80.26,8.83,20.13
1.34,30.58,85.29,25.68,20.65
2.73,31.87,83.23,14.14,20.56
1.61,32.04,81.98,3.56,20.68
2.01,31.66,81.48,5.2,20.36
3.01,31.42,82.02,12.04,20.48
3.63,31.82,81.3,2.43,20.23
2.82,31.83,84.27,9.24,21.35
0.34,31.75,83.85,14.66,21.03
3.47,32.39,80.95,2.57,20.46
2.37,33.07,78.33,3.56,20.33
3.73,32.85,78.9,3.63,20.38
1.84,34.06,75.39,1.97,20.16
2.98,31.61,79.4,5.0,20.09
2.84,32.14,81.87,10.3,20.57
3.66,32.66,81.52,9.11,20.7
4.13,32.07,82.51,8.25,20.98
4.78,31.06,86.95,24.29,21.63
3.86,30.04,86.5,6.82,20.79
3.59,30.62,84.99,9.89,20.15
3.4,30.23,84.69,19.53,19.87
3.6,31.63,84.44,15.29,20.4
4.01,30.75,85.26,6.66,20.5
2.4,30.85,87.22,45.05,21.05
3.56,30.71,89.43,23.14,21.55
3.81,30.82,90.09,19.8,21.98
2.91,30.53,85.58,15.87,20.9
4.03,30.94,86.1,72.8,21.24
3.37,30.35,90.49,47.09,22.11
1.48,29.65,91.32,13.11,22.11
1.06,29.36,91.11,15.88,21.74
0.97,29.48,90.05,11.44,21.51
3.69,30.78,86.19,3.82,20.73
2.84,30.51,86.24,4.12,20.9
2.49,30.3,87.8,1.6,21.13
5.08,30.58,86.52,2.4,20.87
4.34,31.28,86.21,4.07,21.06
3.44,29.83,88.03,7.1,20.75
4.97,29.64,88.39,8.04,20.73
4.52,31.81,85.31,5.42,21.28
4.18,30.59,88.69,5.14,21.62
3.99,30.25,88.54,5.76,21.38
2.77,30.35,87.92,17.14,20.99
1.94,30.39,87.17,10.67,20.84
5.02,31.34,85.11,5.78,20.98
3.99,30.93,87.61,9.44,21.56
4.79,31.42,86.12,13.83,21.32
5.66,30.74,86.68,4.34,21.15
4.9,30.67,86.38,6.45,21.02
3.87,31.22,87.03,5.8,21.3
3.8,29.91,89.96,7.74,21.4
4.59,29.36,87.28,5.35,20.13
4.03,30.37,86.12,5.18,20.2
3.78,31.14,86.06,2.07,20.8
4.48,30.18,85.01,7.7,20.25
2.23,28.95,89.22,30.96,20.26
3.32,30.05,87.77,8.36,20.6
4.79,29.59,87.82,8.34,20.16
4.91,29.4,88.12,4.09,19.73
5.3,30.47,86.5,2.2,20.14
4.66,31.37,83.51,0.66,19.9
4.91,31.66,82.13,2.04,20.09
3.79,30.42,86.75,12.99,20.7
3.19,30.88,85.25,2.85,20.75
4.14,31.31,85.36,4.75,21.2
1.71,29.49,89.63,35.91,21.2
3.66,28.59,89.97,24.75,20.83
1.54,28.8,90.06,14.54,20.82
5.04,30.77,86.23,1.86,20.62
4.81,29.65,90.0,18.92,21.24
4.47,29.27,90.64,23.5,21.17
1.88,29.37,89.63,8.9,20.48
6.0,30.87,85.39,1.85,20.48
5.81,32.1,82.08,0.34,20.25
5.51,31.48,84.98,1.02,21.1
5.41,30.57,89.15,1.26,21.58
4.49,29.77,89.62,1.35,21.16
5.73,29.74,89.15,0.68,20.96
4.87,30.03,88.38,0.77,20.9
5.56,30.64,87.68,1.05,20.77
4.4,29.85,88.26,1.5,20.6
5.01,28.37,91.95,8.27,20.66
5.52,29.26,88.48,7.02,20.04
5.76,28.54,89.85,17.66,20.05
5.14,30.04,85.68,6.95,20.09
4.79,31.26,84.89,2.76,20.5
4.67,30.84,86.79,4.96,20.96
0.67,30.82,83.16,23.19,19.78
2.31,29.31,89.45,17.72,20.49
2.77,30.19,88.38,4.01,20.66
4.52,29.79,89.28,3.39,20.98
5.17,30.44,87.34,1.29,20.52
5.41,31.61,85.16,0.68,20.72
5.66,30.41,86.02,5.28,20.67
5.22,30.46,84.76,3.7,20.26
5.21,30.41,85.6,6.37,20.48
3.49,30.0,86.78,6.17,20.32
4.68,28.54,87.98,29.21,19.55
3.65,30.15,84.32,14.26,19.39
2.0,29.39,89.09,28.84,20.36
3.47,29.2,86.82,6.63,19.78
2.66,29.14,89.47,8.35,20.16
3.07,29.06,88.9,8.09,20.06
4.56,30.16,86.15,1.2,19.83
2.99,29.62,88.58,5.82,20.23
1.35,27.5,92.1,37.67,19.75
4.58,28.6,90.08,12.12,19.84
2.73,29.59,88.55,6.18,20.07
5.01,28.82,90.67,25.02,20.23
3.76,29.85,87.55,3.34,20.22
4.88,30.73,86.38,1.27,20.1
5.16,30.54,87.59,0.15,20.25
5.28,30.49,86.33,0.07,20.06
4.81,31.07,82.16,0.38,19.42
5.51,31.97,80.06,0.07,19.5
5.73,31.5,81.01,0.01,19.15
5.84,30.5,81.9,0.0,17.92
3.63,29.69,88.83,12.39,19.37
0.75,28.07,94.76,62.09,21.18
1.21,27.41,91.96,67.74,19.8
4.68,30.41,86.96,3.34,19.81
5.2,30.81,80.72,0.83,18.76
5.39,31.03,72.78,0.0,16.4
4.99,31.15,76.55,0.0,16.89
4.98,30.73,74.78,0.04,16.47
5.16,30.34,72.29,0.04,15.5
5.2,29.35,79.44,0.01,16.55
5.15,29.62,69.58,0.0,14.73
4.99,29.57,65.72,0.0,13.62
5.07,28.69,70.97,0.03,14.19
5.28,28.11,73.78,0.0,13.78
4.87,27.28,80.2,0.0,14.02
5.22,27.29,79.76,0.0,13.87
5.13,27.44,78.18,0.0,13.58
4.89,28.4,84.04,0.0,15.35
4.97,28.74,80.3,0.0,15.68
5.02,28.92,81.17,0.0,15.94
5.05,28.64,79.6,0.0,15.23
4.99,28.25,76.21,0.0,14.35
4.89,27.73,73.79,0.0,13.63
4.82,27.35,73.7,0.0,12.91
4.49,27.28,77.12,0.0,13.21
4.41,27.71,78.4,0.01,13.95
4.69,27.59,81.85,0.01,14.63
1.89,25.84,89.35,6.79,15.48
0.68,23.18,94.5,59.49,15.6
1.34,25.35,94.03,15.71,16.48
1.9,26.13,92.97,12.74,16.89
2.11,29.04,88.02,4.14,17.81
2.51,29.01,84.47,0.75,17.59
4.09,28.65,83.26,0.32,16.51
4.53,27.68,77.96,0.0,13.88
4.49,26.52,71.91,0.0,11.77
4.63,26.05,76.48,0.0,12.05
4.6,24.82,67.23,0.0,9.73
4.73,24.86,70.85,0.0,9.94
4.56,24.95,71.19,0.0,10.39
4.62,24.83,74.63,0.0,10.41
4.62,25.59,69.05,0.0,9.87
4.6,25.44,67.8,0.0,10.17
4.63,25.08,67.01,0.0,9.88
4.49,24.97,70.33,0.0,10.05
4.54,24.64,73.43,0.0,10.41
4.42,23.83,74.57,0.0,10.14
4.47,23.95,70.81,0.0,9.71
4.45,23.89,71.89,0.0,9.83
4.27,22.67,74.62,0.0,9.86
2.57,23.92,80.43,0.0,10.89
0.5,21.21,90.98,22.43,12.68
1.73,24.93,90.89,14.52,14.82
3.79,26.06,88.8,0.49,14.99
4.15,26.35,81.65,0.03,13.43
3.97,26.55,77.61,0.0,12.58
4.13,26.79,77.05,0.0,12.85
4.2,26.4,74.23,0.0,11.8
4.26,26.35,74.43,0.0,11.75
4.24,26.23,74.57,0.0,11.33
4.29,25.16,72.65,0.0,10.52
4.42,23.69,64.98,0.0,8.6
4.24,23.29,66.81,0.0,8.41
4.34,23.83,74.19,0.0,9.52
4.27,24.42,75.57,0.0,10.36
4.21,24.19,74.49,0.0,10.56
4.19,24.89,77.93,0.0,11.25
4.0,24.66,75.13,0.0,10.72
4.29,24.7,71.07,0.0,10.03
4.36,24.34,70.7,0.0,9.18
4.46,23.29,69.81,0.0,8.39
4.42,24.24,73.04,0.0,9.43
4.232,24.28,73.99,0.0,9.88
4.46,24.14,71.36,0.0,9.33
4.06,23.67,74.59,0.0,9.73
3.47,21.86,80.77,0.1,10.78
4.35,22.88,74.12,0.01,9.82
4.45,24.18,66.07,0.0,8.72
4.39,22.86,72.11,0.0,8.75
4.56,22.99,68.17,0.0,8.46
4.57,23.03,63.21,0.0,7.66
4.59,22.93,61.93,0.0,7.38
4.58,22.57,64.08,0.0,7.66
4.62,22.32,61.88,0.0,7.28
4.63,22.89,62.13,0.0,7.45
4.6,23.11,60.54,0.0,7.31
4.5,24.13,61.73,0.0,7.88
4.46,24.37,67.43,0.0,8.76
4.51,24.19,64.0,0.0,8.32
4.75,24.65,61.22,0.0,7.8
4.8,24.53,64.1,0.0,8.21
4.77,24.64,63.03,0.0,8.53
4.86,24.44,55.64,0.0,7.25
4.9,24.12,56.16,0.0,7.14
4.9,24.82,61.88,0.0,8.12
4.88,24.88,62.46,0.0,8.55
4.83,24.6,64.8,0.0,8.8
4.81,24.78,71.56,0.0,9.9
4.84,25.85,72.35,0.0,10.65
4.78,25.3,69.84,0.0,10.01
4.97,25.39,64.76,0.0,9.45
4.85,24.93,63.93,0.0,8.89
5.13,24.83,62.19,0.0,8.67
5.11,25.26,57.22,0.0,8.08
5.19,26.06,51.29,0.0,6.82
5.19,27.84,56.78,0.0,7.88
5.23,27.45,54.74,0.0,7.87
5.25,27.73,57.6,0.0,8.38
5.17,26.81,64.39,0.0,9.77
5.21,27.75,70.95,0.0,10.98
5.1,27.47,73.91,0.0,11.89
5.16,28.32,65.95,0.0,11.1
4.55,28.59,64.67,0.0,10.88
3.91,28.68,59.88,0.0,10.48
3.85,29.69,66.31,0.0,11.72
5.16,29.6,71.63,0.01,13.01
3.84,25.76,72.14,0.0,11.93
5.36,28.67,56.18,0.0,9.12
5.19,27.45,53.84,0.0,8.73
5.27,29.0,57.63,0.0,9.87
5.58,28.68,59.67,0.0,9.62
5.53,28.34,58.96,0.0,9.68
5.59,29.96,55.94,0.0,9.32
5.68,29.99,59.79,0.0,10.56
5.63,29.73,66.92,0.0,11.75
5.63,30.34,66.59,0.0,12.06
5.68,31.44,58.76,0.0,11.09
5.8,31.89,51.92,0.0,9.69
5.84,32.27,55.31,0.0,10.72
5.85,32.99,56.2,0.0,10.89
5.87,34.11,49.75,0.0,10.15
5.34,33.76,52.0,0.01,11.06
5.95,34.16,53.02,0.1,11.35
5.96,33.75,57.98,0.03,12.14
5.88,33.97,56.45,0.02,12.08
5.82,34.84,51.51,0.03,11.31
5.91,35.49,50.53,0.01,11.53
5.92,35.91,48.41,0.0,11.22
5.89,35.6,52.8,0.0,12.2
5.85,34.15,60.91,0.01,13.89
5.89,34.18,58.63,0.01,13.0
5.99,33.48,58.63,0.0,12.58
5.71,34.4,55.36,0.0,12.41
6.18,35.82,52.22,0.0,11.94
5.96,34.89,56.37,0.0,12.72
5.74,35.51,56.14,0.01,13.14
6.2,36.83,49.44,0.01,12.07
6.33,36.47,45.35,0.0,10.76
5.62,37.13,53.64,0.0,13.15
2.33,35.15,48.43,0.37,11.92
6.04,34.48,49.07,0.14,11.41
6.28,35.45,51.98,0.0,12.53
6.28,36.52,48.11,0.0,11.71
6.48,37.5,40.19,0.0,10.2
6.28,36.63,51.57,0.0,12.86
6.14,36.51,60.37,0.07,15.25
6.2,36.65,61.09,0.17,15.83
6.41,36.68,62.76,0.16,16.23
5.99,35.57,64.84,0.28,16.24
6.37,36.65,55.55,0.19,14.24
6.58,37.22,53.74,0.0,13.98
6.63,37.5,55.19,0.07,14.33
6.42,36.42,63.9,0.33,16.41
6.29,36.04,65.61,0.56,16.89
6.38,36.24,66.97,1.56,17.09
6.44,36.16,64.42,5.5,16.33
6.18,32.41,63.47,3.79,14.3
6.26,33.91,65.7,1.48,15.35
6.1,33.41,70.47,6.5,16.86
6.53,34.5,69.51,4.82,17.06
6.49,35.08,68.03,2.61,17.03
5.81,30.92,77.7,8.21,17.95
6.0,32.16,72.89,4.13,16.66
4.98,34.03,63.9,2.87,15.46
6.5,35.34,60.05,0.67,15.1
6.69,37.03,56.37,0.15,15.05
4.69,36.9,58.18,1.3,15.69
6.67,37.49,56.62,1.88,15.62
4.98,38.03,56.17,0.87,15.95
6.77,38.5,52.46,1.79,15.09
6.79,39.3,52.27,0.37,15.59
6.76,39.16,55.17,0.56,16.51
6.81,39.2,58.44,2.95,17.17
6.3,39.17,58.9,0.7,17.45
6.77,38.33,61.97,1.13,18.29
6.85,39.28,58.72,1.37,17.64
6.9,39.48,58.47,1.13,17.51
6.44,37.89,61.95,6.14,17.91
6.77,37.24,62.4,4.33,17.48
7.0,39.09,54.26,0.3,15.77
6.95,38.22,61.15,2.69,17.04
6.79,37.15,62.14,4.77,17.01
6.71,36.1,64.87,5.03,17.27
6.15,36.99,66.84,8.82,18.13
6.26,35.14,74.06,25.72,19.42
4.9,32.86,79.03,21.0,19.91
6.77,36.13,71.34,4.0,18.9
6.36,33.06,74.61,4.91,18.85
6.73,36.34,66.54,0.27,17.62
6.77,37.54,66.82,0.28,18.68
6.68,38.94,64.46,0.09,18.93
5.46,40.32,58.67,0.05,18.14
6.73,39.29,60.88,0.13,18.58
6.72,38.96,60.77,0.2,18.48
6.72,38.03,61.29,0.08,17.99
6.32,37.94,63.6,1.88,18.41
6.82,37.95,63.88,4.37,18.43
6.79,36.22,70.94,16.7,19.72
2.79,32.77,72.99,16.37,18.25
6.79,35.47,65.18,8.04,16.79
5.95,35.86,68.91,5.34,18.41
6.77,36.42,70.61,10.52,19.28
6.8,38.14,65.16,3.14,18.67
6.39,35.58,70.76,5.54,19.15
6.73,36.34,69.4,3.4,19.23
6.55,34.1,76.19,8.02,20.05
6.73,35.14,73.86,4.29,19.83
3.18,31.28,82.47,8.58,20.4
6.7,31.31,83.32,7.77,20.52
6.57,33.81,77.67,2.28,20.29
6.29,33.34,79.69,0.59,20.7
6.74,34.3,75.67,0.35,20.21
6.48,35.69,71.94,0.15,19.85
5.98,33.77,79.15,0.9,21.42
6.65,34.91,75.01,0.55,20.83
3.55,34.72,75.39,0.63,20.77
4.57,31.65,80.81,2.18,20.9
5.75,32.51,80.54,2.41,21.02
5.83,33.5,77.0,0.88,20.69
5.78,32.71,78.06,0.8,20.84
4.63,33.23,78.02,2.98,20.88
5.04,32.05,78.95,1.38,20.73
6.06,34.82,72.07,0.71,20.41
3.73,32.77,78.09,7.21,20.91
3.7,33.17,76.56,3.62,20.28
4.53,33.18,75.87,2.96,20.29
3.23,33.44,77.16,4.54,20.55
1.16,32.47,81.31,9.69,21.2
4.62,36.64,71.14,1.24,20.18
5.97,35.64,68.95,1.52,20.12
6.62,39.81,59.06,0.18,18.84
6.54,40.0,56.77,0.27,18.35
6.53,39.67,55.66,0.23,18.09
6.57,38.89,56.62,0.2,18.26
6.54,37.11,62.73,2.05,19.23
6.11,33.86,72.6,2.84,20.65
1.55,32.26,76.44,8.5,20.25
5.38,30.81,82.88,23.83,20.19
3.27,31.87,78.71,6.03,19.67
3.68,31.6,82.79,9.65,20.88
1.29,31.46,84.35,19.73,21.22
1.26,31.5,81.49,21.93,20.43
0.72,29.37,87.67,33.2,20.19
2.34,30.3,85.81,32.04,19.99
4.32,31.33,81.03,5.69,19.53
5.26,32.49,79.81,2.06,19.96
4.47,30.98,84.38,9.43,20.3
4.27,31.76,82.22,3.41,20.27
3.81,31.45,83.8,3.78,20.78
1.27,31.05,83.74,3.65,20.46
3.7,31.61,81.52,3.32,20.06
4.97,31.1,82.24,7.12,19.94
3.56,31.94,82.54,10.51,20.34
5.06,31.44,83.75,4.48,20.4
4.37,31.77,84.8,2.04,21.13
3.85,32.01,82.45,5.07,20.97
2.55,31.73,80.63,1.78,20.42
3.52,31.39,82.22,5.96,20.39
5.16,32.44,83.84,7.7,21.37
2.5,31.31,85.25,26.35,21.39
2.77,30.42,89.97,38.19,21.9
0.69,30.29,89.06,57.45,22.03
3.54,31.82,85.68,11.14,21.53
3.1,31.98,83.91,8.24,21.28
3.07,30.61,87.09,13.63,21.44
0.87,30.99,87.95,33.88,21.97
1.44,30.4,90.97,174.32,22.03
1.0,30.58,86.61,43.93,20.78
4.74,31.91,84.9,2.84,21.23
3.17,30.99,85.38,3.55,21.0
3.88,30.47,86.08,4.34,21.01
2.8,30.59,86.78,7.76,21.09
4.58,31.35,82.91,1.09,19.99
5.01,31.73,82.29,0.67,20.19
4.37,31.25,85.06,7.79,20.92
2.06,30.63,87.91,23.19,21.27
1.07,30.07,86.95,9.88,20.25
2.27,30.01,85.56,4.1,20.15
3.15,30.84,84.69,2.94,20.15
5.27,31.21,85.31,4.74,20.38
5.76,32.02,83.28,1.73,20.47
4.29,29.57,89.12,25.99,20.77
1.6,28.67,90.72,47.02,20.55
0.66,28.85,91.34,72.93,20.55
4.78,29.86,87.4,5.54,20.52
4.55,31.54,82.12,1.59,19.75
5.91,31.82,84.46,4.51,21.07
3.9,31.35,86.63,2.93,21.56
3.31,31.35,84.72,6.19,21.29
4.33,31.92,84.45,15.84,21.24
2.5,31.7,87.94,17.41,22.08
3.18,31.52,88.2,8.43,21.65
4.65,29.57,89.94,13.46,21.32
5.03,31.06,85.64,5.52,21.04
4.81,30.14,87.95,9.0,21.26
4.84,31.18,87.96,13.55,21.54
1.92,30.14,87.22,6.87,21.06
4.57,31.28,85.05,4.52,21.33
3.48,30.29,84.66,1.04,20.11
3.92,31.79,83.5,2.46,20.54
4.81,30.2,87.44,7.95,21.14
2.09,30.74,87.17,12.71,20.91
0.72,30.13,89.87,20.58,21.2
3.42,30.6,88.47,8.47,21.08
3.43,30.59,85.35,2.7,20.06
3.99,30.37,83.74,4.08,19.54
3.6,29.71,87.63,1.59,20.49
2.06,29.58,88.15,12.25,20.55
3.65,28.85,90.61,29.87,20.7
3.26,29.73,88.38,7.93,20.28
5.13,29.8,87.78,5.4,20.16
3.13,29.92,87.5,5.91,20.26
1.06,28.97,90.83,67.76,20.28
1.6,30.09,88.73,53.8,20.3
4.34,30.25,87.23,5.53,20.2
4.74,31.15,82.12,0.41,19.4
5.82,31.49,84.12,0.61,20.16
5.15,30.89,83.67,2.22,19.92
5.16,29.76,85.97,10.39,19.83
5.96,30.95,83.89,1.5,19.71
5.92,30.98,84.51,0.59,20.14
5.3,28.91,85.9,1.98,19.14
5.6,30.96,85.73,4.42,20.04
2.81,28.95,88.3,11.38,19.99
5.97,29.79,86.67,3.86,19.97
5.71,31.34,83.05,2.14,20.22
5.28,30.15,87.94,11.95,20.7
1.1,29.26,92.38,60.41,21.16
1.83,28.22,89.39,25.93,20.08
4.05,28.38,90.27,7.35,20.05
4.95,29.53,86.5,7.75,19.49
5.93,30.8,84.51,1.44,19.71
5.87,29.98,87.72,3.92,20.29
4.89,30.3,86.29,4.2,20.12
5.08,30.92,83.08,1.07,19.6
5.43,31.44,81.97,0.32,19.71
5.42,31.85,81.12,0.02,20.08
5.43,31.23,81.31,0.01,20.09
5.75,31.86,81.21,0.0,19.92
5.97,32.36,76.37,0.0,18.78
5.92,32.1,75.52,0.0,18.15
5.99,31.91,74.71,0.0,18.05
5.88,31.93,74.56,0.0,17.83
5.55,31.74,74.9,0.0,17.86
5.94,31.34,73.07,0.0,17.02
6.06,31.02,74.92,0.0,16.67
4.47,29.98,82.47,0.63,17.44
1.05,26.66,93.4,47.28,19.13
1.7,27.82,89.51,95.92,19.14
1.63,28.17,87.82,28.34,19.27
2.88,29.27,84.78,2.69,19.19
5.25,28.37,84.55,0.01,17.91
5.0,29.09,78.96,0.01,16.79
5.7,28.72,75.71,0.0,15.13
5.69,29.62,73.11,0.0,14.59
5.71,30.08,75.52,0.0,15.6
5.48,30.8,74.9,0.0,16.31
5.57,30.69,74.52,0.0,16.3
5.55,30.19,73.15,0.0,15.28
5.49,30.49,69.32,0.0,14.8
5.13,30.74,74.79,0.22,16.33
5.03,30.44,75.31,0.41,16.24
5.54,29.45,68.32,0.04,13.8
5.56,29.38,60.17,0.0,11.59
5.5,28.5,68.76,0.0,12.79
3.14,27.11,79.95,0.87,14.17
4.07,26.33,89.83,2.45,16.2
3.16,26.76,90.62,1.01,16.65
4.55,28.63,85.56,0.19,16.75
4.64,28.39,86.38,0.03,17.05
4.8,28.63,85.11,0.11,16.88
4.75,29.63,78.83,0.04,16.46
4.98,29.86,78.57,0.01,16.41
4.98,30.1,77.58,0.01,16.31
4.89,29.99,79.15,0.01,16.7
4.52,29.97,78.91,0.03,16.66
4.5,28.72,80.42,0.0,16.39
4.35,28.34,78.09,0.0,15.48
4.88,28.05,75.07,0.0,14.47
4.6,27.59,77.32,0.0,13.68
4.19,27.06,78.72,0.0,13.26
4.75,27.72,76.2,0.0,13.32
4.74,28.12,76.33,0.0,13.51
4.76,28.81,69.9,0.0,13.07
4.79,29.45,65.99,0.0,12.47
4.75,29.0,66.46,0.0,12.44
4.72,28.52,72.41,0.0,13.22
4.65,28.14,73.95,0.0,13.55
3.65,28.32,73.0,0.0,13.97
4.58,28.07,72.7,0.0,13.19
4.42,27.42,67.17,0.0,12.02
4.02,26.75,70.6,0.0,11.58
4.71,26.37,68.17,0.0,10.25
4.71,26.03,64.29,0.0,9.5
4.68,25.67,61.93,0.0,9.44
4.29,25.86,72.17,0.0,11.45
4.5,25.99,77.6,0.0,12.6
4.34,25.95,75.61,0.0,12.42
4.09,25.85,74.77,0.0,12.21
4.12,26.42,67.93,0.0,11.55
3.98,25.72,71.79,0.0,11.65
4.31,25.8,70.94,0.0,11.39
4.18,25.63,73.24,0.0,11.24
4.18,26.04,72.79,0.0,11.83
3.9,26.37,70.02,0.0,11.98
4.33,25.9,68.48,0.0,10.89
4.14,25.5,73.95,0.0,11.24
4.33,25.45,71.34,0.0,10.78
4.27,25.68,67.05,0.01,10.02
3.91,25.92,69.82,0.0,10.63
4.2,26.54,74.96,0.0,11.77
3.67,26.44,76.28,0.0,12.13
4.01,25.99,76.37,0.0,11.86
2.54,25.08,71.23,0.0,10.37
1.57,21.32,77.45,1.8,10.32
1.2,22.98,87.69,10.58,12.4
0.8,26.56,89.25,26.41,14.71
2.9,23.09,80.42,0.11,11.21
4.29,23.56,75.23,0.0,10.18
4.34,23.72,72.91,0.0,9.72
4.24,23.08,68.32,0.0,8.61
4.45,23.12,60.03,0.0,7.25
4.4,23.38,61.05,0.0,7.39
4.39,23.93,64.3,0.0,7.94
4.31,23.87,63.92,0.0,8.1
3.92,24.0,66.02,0.17,9.07
3.08,23.14,70.71,0.63,9.49
4.43,22.26,60.82,0.0,7.04
4.56,22.3,62.27,0.0,6.6
4.49,22.54,62.86,0.0,6.85
4.52,23.2,61.82,0.0,7.19
4.48,23.7,62.66,0.0,7.68
4.47,24.59,63.46,0.0,7.82
4.49,24.05,64.13,0.0,7.85
4.42,23.63,61.62,0.0,7.71
4.53,24.79,62.86,0.0,8.09
4.55,25.33,59.28,0.0,7.96
4.46,25.2,67.24,0.0,8.79
4.53,24.81,66.31,0.0,8.7
4.6,24.51,64.0,0.0,8.47
4.2,23.9,70.65,0.0,9.47
4.48,24.24,65.12,0.0,8.74
4.55,24.86,63.55,0.0,8.86
4.24,25.68,66.92,0.0,9.45
4.62,25.1,71.0,0.0,9.75
4.66,24.21,68.6,0.0,9.15
4.72,24.4,62.37,0.0,8.35
4.75,26.01,58.78,0.0,8.14
4.73,25.83,57.13,0.0,7.88
4.75,26.19,53.46,0.0,7.56
4.82,27.22,58.12,0.0,8.22
4.72,27.29,70.87,0.0,10.7
4.8,27.37,73.44,0.0,11.17
4.61,27.95,69.34,0.0,10.53
4.88,27.62,70.92,0.0,10.67
3.75,27.2,68.87,0.0,10.93
1.06,26.67,70.87,0.01,10.83
1.91,25.99,71.11,0.0,11.09
4.36,26.44,62.71,0.0,9.45
5.17,25.09,54.97,0.0,6.95
5.15,25.5,52.45,0.0,6.9
5.23,27.11,48.17,0.0,6.84
5.17,27.92,46.96,0.0,7.05
5.2,28.26,53.18,0.0,8.27
5.21,29.1,52.68,0.0,8.69
5.23,29.0,51.45,0.0,8.38
5.14,29.74,53.07,0.0,8.91
5.19,29.86,60.82,0.0,10.64
4.44,29.77,68.71,0.01,12.14
4.96,29.66,68.37,0.04,12.36
5.27,27.5,50.77,0.0,7.54
5.48,27.25,50.85,0.0,7.57
5.52,28.02,50.74,0.0,7.68
5.46,29.01,51.75,0.0,8.26
5.5,30.61,56.73,0.0,9.82
5.41,31.2,61.38,0.0,11.19
4.03,29.76,64.86,2.43,11.66
5.33,30.85,61.94,0.71,11.75
5.62,30.71,46.6,0.01,8.19
5.55,31.99,60.22,0.06,11.7
5.57,33.19,67.86,0.33,13.92
5.58,33.17,63.65,0.27,13.47
5.69,35.39,54.43,0.02,12.27
5.52,35.81,57.11,0.21,13.65
5.63,34.39,57.04,0.35,13.11
4.18,33.38,69.82,4.07,15.57
4.75,32.61,70.75,2.26,15.37
4.86,31.38,71.47,3.36,15.28
4.96,30.58,69.29,5.2,14.19
5.44,28.83,68.18,1.53,12.67
5.43,30.1,61.63,0.0,11.41
5.53,31.56,63.22,0.0,12.56
5.17,32.71,70.24,0.37,15.47
5.17,33.22,70.98,1.79,16.55
5.16,32.34,73.14,1.93,16.72
5.81,31.7,66.65,0.3,14.49
5.79,32.07,59.09,0.0,12.34
6.04,33.25,59.86,0.0,12.88
5.89,34.01,67.19,0.0,15.14
5.87,35.7,62.62,0.01,15.35
5.98,36.04,64.19,0.42,16.03
5.95,37.3,59.79,0.69,15.79
5.93,36.52,61.14,0.71,15.8
4.95,34.92,61.7,2.43,15.1
6.1,35.35,59.66,1.55,14.62
5.807,36.47,55.1,0.34,13.99
4.83,34.09,61.15,2.65,14.42
6.09,34.73,56.59,0.08,13.57
5.97,34.78,60.01,0.62,14.71
6.16,35.65,61.24,1.17,15.59
6.11,36.92,53.56,0.68,14.36
6.25,36.92,51.25,0.06,13.83
6.54,37.39,47.17,0.02,12.39
6.54,37.42,52.69,0.06,13.76
6.51,37.08,54.47,0.11,14.17
6.4,36.11,56.34,0.2,14.3
6.55,36.81,55.27,0.02,14.1
6.48,36.97,57.44,0.1,14.85
6.53,37.9,54.94,0.25,14.92
6.44,38.08,59.61,0.87,16.27
6.45,37.93,59.16,1.28,16.22
6.53,38.24,55.5,0.57,15.4
6.66,38.21,56.86,0.09,15.46
6.57,37.9,56.76,0.06,15.5
6.62,40.05,52.03,0.18,15.04
6.4,39.48,51.71,0.69,15.12
5.97,37.67,55.22,1.82,15.39
5.51,37.44,59.58,2.72,16.28
6.44,37.91,59.22,1.89,16.37
6.72,38.49,60.05,1.17,16.76
6.67,39.65,54.32,1.39,15.79
6.76,39.02,55.58,3.38,16.01
6.73,40.29,47.46,0.8,14.36
6.77,40.37,50.04,0.48,15.28
6.42,40.7,50.16,0.28,15.59
6.79,41.96,44.78,0.24,14.44
6.91,40.98,47.55,0.15,14.41
6.83,38.71,52.75,0.32,14.9
5.51,38.07,53.33,1.71,15.11
6.87,37.61,51.13,1.19,14.45
5.05,38.41,56.32,5.58,16.15
6.54,36.6,62.27,11.26,17.1
6.92,36.96,60.83,5.01,16.71
6.92,38.29,56.56,1.1,16.19
6.95,39.0,56.02,0.77,16.4
6.92,39.64,57.27,0.6,17.34
6.83,40.8,55.13,0.94,17.39
6.94,39.95,57.48,0.13,17.82
6.95,39.68,59.6,0.02,18.03
6.97,38.52,58.54,0.22,17.01
6.3,34.32,69.57,0.8,18.53
2.7,33.44,70.95,50.94,18.83
1.7,28.88,89.26,114.97,19.55
6.16,34.28,73.11,0.54,17.76
6.07,33.62,79.51,2.06,20.38
6.75,36.01,71.97,1.41,19.44
6.99,36.27,70.2,1.83,18.85
6.74,36.49,70.1,0.19,19.47
6.93,38.32,64.34,0.18,18.79
6.91,37.9,65.59,0.49,18.93
6.79,36.38,73.27,0.89,20.57
6.63,36.99,69.94,2.13,20.05
6.82,37.96,65.27,1.22,19.23
6.71,37.98,65.48,2.17,19.13
6.79,36.86,68.05,4.13,19.22
6.81,36.67,69.88,4.04,19.6
6.77,36.13,69.53,0.23,19.8
6.88,38.71,65.49,0.11,19.45
6.73,37.89,68.12,0.22,20.37
6.68,36.3,69.17,0.1,19.8
6.72,35.94,70.03,0.38,19.72
6.77,37.57,66.81,0.33,19.35
5.63,36.1,70.52,0.85,19.69
6.62,38.48,65.35,0.84,19.42
6.88,39.42,64.56,0.84,19.65
6.64,37.95,67.39,2.06,20.58
6.73,37.37,67.78,0.61,20.57
6.76,38.52,63.19,0.39,19.27
6.69,37.74,62.89,0.71,19.19
6.75,37.99,63.25,0.23,19.21
6.59,37.43,68.16,1.8,20.18
6.27,37.33,66.88,2.91,19.75
6.01,36.58,69.64,2.41,20.5
4.55,33.18,77.81,7.19,20.9
6.6,36.07,70.96,1.15,20.18
6.38,36.29,73.2,8.47,21.05
5.52,34.52,76.76,4.38,21.22
2.02,33.16,79.84,2.47,21.62
4.15,35.91,70.9,0.63,20.41
5.66,35.34,73.37,0.9,21.08
6.15,37.37,68.76,2.38,20.57
6.62,40.02,61.01,1.43,19.47
6.58,38.04,66.1,4.64,20.54
4.75,38.84,66.59,8.89,20.21
6.49,37.54,64.27,2.82,19.97
3.59,33.64,76.53,5.11,21.38
2.59,35.9,70.51,4.39,20.5
5.18,36.23,66.8,1.85,19.64
4.79,36.29,69.88,5.78,20.3
5.47,33.82,76.96,5.47,21.14
1.98,31.28,82.34,14.13,21.09
1.48,30.61,86.84,34.05,21.14
5.24,31.5,82.03,7.86,20.45
5.58,32.56,79.64,2.2,20.69
5.99,34.89,74.75,0.43,20.51
6.23,34.48,75.45,0.12,20.66
6.16,34.13,76.42,0.09,20.99
5.32,34.03,77.87,8.17,21.52
3.23,33.01,80.45,8.75,21.91
2.03,33.29,79.85,10.39,21.11
2.98,30.6,84.57,5.29,20.79
0.49,32.93,79.22,22.48,20.43
2.23,31.81,81.35,27.56,20.74
3.29,33.27,78.59,3.83,20.77
2.66,33.22,77.4,6.08,20.37
2.2,31.29,85.33,27.07,21.22
1.54,29.92,82.74,20.52,19.79
3.56,33.67,78.22,2.23,20.32
4.02,33.21,82.03,2.6,21.31
5.24,30.1,87.13,9.05,21.3
3.18,31.86,84.9,3.77,21.29
4.288,30.66,86.72,1.21,21.11
4.57,30.82,85.7,2.66,20.94
4.46,31.0,86.79,4.93,21.28
6.2,32.55,83.0,0.67,21.29
4.02,33.27,80.3,1.6,21.11
6.09,29.67,86.77,4.38,21.06
6.45,33.04,81.75,5.74,21.33
5.57,31.97,83.9,12.69,21.45
3.81,32.09,83.16,5.32,20.67
4.29,32.02,82.69,1.81,20.73
6.0,31.94,80.77,0.67,20.35
4.293,32.04,80.3,0.51,20.24
5.97,31.53,80.88,0.68,20.08
5.67,33.12,79.33,8.44,20.49
1.13,29.46,91.09,41.9,21.96
1.21,31.34,84.47,26.47,20.79
2.83,29.89,86.49,18.0,20.32
2.14,30.72,85.68,18.81,20.43
2.59,29.92,86.53,24.72,20.29
3.91,30.72,82.13,0.67,19.39
3.38,29.58,84.83,2.97,20.03
2.55,31.61,83.05,2.5,20.41
3.31,31.44,84.38,2.42,20.83
2.72,31.07,85.47,4.26,20.84
3.56,32.9,81.64,9.8,20.88
3.29,30.4,85.23,34.39,20.43
2.53,30.34,90.02,34.33,22.24
1.11,29.55,90.71,52.82,21.55
3.42,31.13,86.43,12.07,20.88
5.58,32.21,84.21,2.15,21.25
5.94,32.35,81.87,1.28,20.77
4.0,32.1,84.95,4.94,21.5
0.82,29.44,91.48,37.8,21.51
3.03,30.23,89.46,8.39,21.15
4.07,31.11,86.47,0.6,21.05
4.61,30.29,87.59,0.46,21.12
4.97,30.75,88.23,2.54,21.43
3.01,29.49,90.46,12.53,21.18
2.35,29.68,90.27,15.28,20.78
5.32,31.36,85.12,0.6,20.59
4.44,31.33,86.94,1.74,21.55
3.15,29.91,88.19,4.06,21.13
4.63,31.2,83.15,8.61,20.08
1.83,30.81,86.44,7.86,20.69
3.63,32.25,82.04,4.31,20.32
1.41,28.54,89.7,22.55,20.55
2.92,29.26,89.25,10.3,20.5
2.59,30.59,85.01,4.89,20.16
1.48,30.98,84.12,3.42,20.23
4.18,29.72,87.95,6.83,20.41
4.72,31.48,86.09,2.41,20.98
4.74,30.55,87.49,2.18,21.0
5.1,30.56,85.08,5.13,20.65
2.5,29.7,88.99,12.83,20.66
3.95,31.13,87.29,25.76,20.95
4.73,30.01,88.09,16.4,20.98
3.48,31.77,85.69,14.94,21.37
1.78,31.73,87.62,37.02,22.14
3.66,30.65,89.5,24.28,22.05
4.91,31.15,89.01,12.17,21.78
3.76,30.78,88.78,3.01,21.7
2.37,29.77,91.38,5.94,21.83
1.98,29.29,92.0,14.79,21.56
0.81,29.24,91.3,10.48,21.03
4.73,30.29,87.88,1.0,20.66
5.6,30.04,89.34,1.53,20.71
5.07,31.48,86.43,1.88,20.73
5.18,30.54,88.72,1.39,21.03
4.89,30.96,86.67,1.9,20.64
4.98,30.54,88.45,4.71,20.76
4.83,30.5,87.9,1.92,20.74
5.51,30.87,84.88,1.03,20.15
5.85,31.32,81.51,0.32,19.55
4.7,30.82,83.36,4.06,19.81
2.56,29.72,89.28,16.71,20.4
1.72,29.13,92.83,28.86,20.84
1.6,27.84,91.42,49.1,20.11
3.82,28.81,89.18,17.41,19.48
3.63,27.79,88.33,10.43,18.48
1.22,28.03,90.48,9.42,19.06
4.03,27.72,90.66,14.68,19.04
3.37,28.89,87.4,0.94,18.89
5.18,29.48,87.9,3.06,19.56
5.73,31.18,83.96,2.71,19.4
5.3,29.9,85.3,1.22,19.59
5.02,29.79,82.93,0.79,18.83
4.95,29.9,80.84,0.81,18.29
5.35,30.13,83.48,2.76,19.18
4.9,29.19,85.08,8.21,19.03
3.72,27.97,86.73,8.51,18.49
4.29,29.15,83.47,3.73,18.03
4.39,29.97,84.06,3.42,18.61
4.83,29.32,86.55,7.25,19.26
4.68,28.85,88.44,5.59,18.91
5.3,29.76,83.35,2.82,18.04
5.2,30.44,82.31,2.95,18.24
5.32,29.55,83.31,0.59,17.68
5.23,29.24,86.58,5.89,18.1
4.47,28.65,86.13,4.84,18.28
5.28,30.04,83.59,0.49,18.38
5.26,30.51,81.63,0.37,18.07
5.03,30.77,79.25,0.61,18.01
5.19,31.17,77.84,0.43,17.89
5.28,31.03,76.87,1.72,17.75
1.41,28.31,87.87,69.62,18.61
0.87,27.61,92.75,114.15,19.8
2.44,27.81,91.5,40.5,19.8
3.35,28.96,86.54,11.51,18.82
4.17,29.06,87.29,3.56,18.95
4.61,28.96,87.75,0.63,18.67
4.74,29.0,84.62,0.0,17.81
4.7,29.6,81.57,0.0,17.67
4.26,29.42,82.09,0.01,17.5
4.81,29.15,79.94,0.0,16.44
4.89,29.02,82.21,0.0,16.77
4.85,28.99,80.88,0.0,15.69
5.02,29.06,80.9,0.0,15.95
4.48,28.9,79.95,0.0,16.05
3.41,28.2,81.24,0.0,15.88
4.67,28.13,78.98,0.0,14.79
1.43,25.66,89.62,13.16,15.61
1.58,26.78,89.09,18.79,16.57
3.79,29.27,87.26,0.99,17.54
4.8,28.51,83.66,0.26,16.53
4.52,28.28,79.09,0.0,14.85
4.9,27.19,75.59,0.0,13.08
4.81,26.44,74.74,0.0,12.45
4.86,27.39,79.4,0.0,13.51
4.64,27.02,81.48,0.0,14.06
4.64,27.37,80.85,0.0,13.93
4.74,26.71,78.92,0.0,12.97
4.6,26.79,79.62,0.0,13.22
4.67,26.43,79.53,0.0,13.24
4.36,26.35,77.92,0.0,12.93
4.39,26.03,75.58,0.0,12.73
4.19,26.67,75.55,0.0,12.79
4.49,26.51,76.57,0.0,12.95
4.44,26.41,80.97,0.0,13.42
4.35,26.65,84.15,0.0,14.07
4.39,26.32,85.04,0.0,14.36
4.02,26.87,86.7,0.0,14.63
4.5,26.73,81.84,0.0,13.92
4.25,26.51,82.65,0.0,13.66
4.03,25.85,84.55,0.0,13.79
2.96,25.27,82.09,0.0,12.88
4.28,25.44,77.55,0.0,12.12
4.24,25.24,80.38,0.0,12.19
4.48,24.04,72.79,0.0,10.01
4.36,24.59,75.7,0.02,10.61
3.98,25.85,85.04,0.66,13.24
4.04,26.38,79.77,0.0,13.66
4.04,26.39,74.83,0.0,12.88
3.83,25.46,74.32,0.0,11.99
4.16,25.51,72.27,0.0,11.49
4.02,25.43,73.46,0.06,11.57
3.47,25.73,81.6,1.09,13.35
3.99,26.18,80.15,0.01,13.3
4.17,25.94,78.37,0.0,12.96
3.79,25.6,81.15,0.01,12.93
3.75,25.8,84.7,0.0,13.41
3.41,24.08,84.28,0.0,12.36
4.25,22.24,78.34,0.0,9.75
4.3,22.1,73.67,0.0,8.86
3.43,22.17,73.3,0.0,9.1
3.9,23.83,71.82,0.0,9.91
3.5,23.94,78.79,0.0,10.63
4.04,23.8,79.29,0.0,10.66
4.06,24.29,74.75,0.0,10.39
1.31,22.09,82.85,0.23,11.66
2.2,20.04,89.58,0.39,11.5
4.47,20.0,71.08,0.0,7.13
4.42,21.26,73.83,0.0,8.02
3.81,21.68,74.81,0.0,8.53
4.39,22.31,79.81,0.0,9.27
4.18,23.11,80.37,0.06,9.88
2.86,24.26,83.73,0.91,11.67
0.65,20.57,90.39,5.9,11.72
1.95,21.23,89.2,3.59,11.4
3.68,23.55,84.53,0.01,11.16
4.39,22.24,77.79,0.0,9.23
4.4,22.32,72.11,0.0,8.9
4.33,23.76,72.77,0.0,9.34
2.82,24.25,84.4,0.42,12.38
3.13,21.92,85.09,0.14,11.47
4.51,21.7,77.02,0.0,8.86
4.63,21.23,70.03,0.0,7.57
4.6,22.45,65.55,0.0,7.6
4.6,24.22,64.51,0.0,8.2
4.59,25.41,69.37,0.0,9.56
4.61,25.89,74.1,0.0,10.94
4.63,25.57,76.77,0.0,11.39
4.42,25.74,70.79,0.0,10.66
4.58,26.55,62.83,0.0,9.72
4.12,24.63,79.27,0.0,11.48
3.94,24.54,81.58,0.0,11.5
4.68,25.11,75.46,0.0,10.83
4.6,26.83,74.0,0.0,11.49
4.64,25.1,75.55,0.0,11.21
4.87,24.32,65.46,0.0,8.91
4.61,25.11,67.63,0.0,9.16
4.96,24.76,63.35,0.01,8.38
4.53,25.98,67.78,0.0,10.19
4.61,28.59,82.82,1.04,14.84
4.13,27.01,79.45,2.47,13.45
4.36,25.11,79.16,0.22,11.45
3.63,25.0,78.7,0.19,11.38
3.39,25.09,77.85,0.01,11.33
4.2,24.57,76.06,0.0,10.68
3.41,24.78,74.96,1.45,10.63
1.93,22.54,80.39,3.98,11.34
3.41,25.31,77.65,1.92,11.57
1.65,25.08,82.47,4.22,12.45
0.61,23.06,88.39,9.0,12.37
2.9,23.42,81.82,1.48,11.43
5.23,24.69,67.37,0.0,9.51
5.37,25.12,56.97,0.0,7.82
5.56,25.73,54.02,0.0,7.29
5.5,26.92,60.76,0.0,8.4
5.57,29.53,62.46,0.0,9.73
5.57,28.81,60.65,0.0,9.95
5.41,28.2,57.75,0.0,9.29
5.55,28.51,57.43,0.0,9.26
5.72,28.74,54.6,0.0,8.59
5.67,28.12,60.41,0.0,9.42
5.54,28.73,71.04,0.0,12.08
5.67,28.63,62.76,0.01,10.68
5.75,29.08,60.2,0.02,10.23
5.8,29.54,55.43,0.03,9.55
1.98,29.38,63.57,0.29,11.36
2.33,28.05,78.31,21.14,14.19
4.97,27.21,74.02,11.57,12.61
5.88,27.88,60.54,0.0,9.52
5.63,27.94,63.18,0.01,10.31
5.6,28.47,67.38,0.0,11.81
5.67,29.12,67.89,0.0,12.3
5.73,30.52,64.39,0.0,12.12
5.88,31.08,64.29,0.03,12.44
3.53,30.71,71.22,3.19,14.22
4.76,29.87,72.44,13.65,14.32
4.21,28.46,78.6,15.77,14.88
4.56,29.69,79.3,8.15,15.84
4.32,30.21,76.51,6.83,15.84
5.99,30.62,62.54,0.18,12.18
5.71,30.74,64.84,0.04,12.72
5.83,31.46,76.48,0.22,16.04
4.1,32.16,76.88,0.72,17.0
5.99,32.93,74.47,0.46,16.81
6.07,32.87,68.26,0.01,15.13
6.12,32.04,70.69,0.03,15.33
5.7,32.98,65.96,0.11,14.7
6.11,33.06,63.05,0.09,14.49
6.13,33.93,54.92,0.08,12.54
2.67,34.07,57.22,8.21,13.0
6.18,31.61,64.83,4.68,14.1
3.97,33.11,60.9,2.91,13.59
5.86,30.79,70.55,5.1,15.38
6.14,31.87,66.42,1.57,14.69
6.2,32.54,63.21,0.21,14.19
6.29,34.55,59.99,0.05,14.57
6.39,35.28,54.74,0.0,13.35
6.39,35.95,58.17,0.01,14.87
6.27,36.81,55.35,0.0,15.04
6.25,37.08,55.63,0.28,15.35
6.4,36.87,55.27,0.24,15.04
6.5,37.07,50.72,0.05,13.87
6.43,38.08,48.99,0.17,13.56
6.62,37.94,52.3,0.25,14.56
6.57,37.75,53.45,0.62,14.91
3.09,37.11,52.47,1.31,14.42
5.34,36.4,52.34,0.93,14.11
6.73,38.03,40.08,0.01,10.81
6.71,37.45,48.34,0.11,12.89
2.9,36.73,58.07,2.06,15.95
6.76,36.77,56.14,1.39,15.09
5.61,37.14,55.93,0.49,15.19
6.78,37.91,53.19,0.89,14.76
6.86,38.6,45.77,0.18,13.02
6.77,39.48,45.85,0.31,13.46
6.83,39.08,47.98,0.25,13.84
6.61,39.41,49.92,0.21,14.6
6.77,38.51,53.33,0.85,15.37
6.65,39.14,55.19,0.38,16.03
6.79,39.18,58.05,4.19,16.89
5.49,37.37,62.35,5.68,17.19
6.8,38.57,56.72,1.46,16.36
3.61,37.52,58.61,2.78,16.57
5.67,36.23,64.1,10.47,17.05
6.22,36.76,63.91,5.68,17.57
6.71,34.77,74.05,25.19,19.32
5.27,33.95,76.8,22.37,19.89
5.88,33.44,75.73,10.43,19.43
6.83,33.05,72.25,4.64,17.97
6.15,33.12,69.24,3.57,17.0
6.8,35.05,66.31,3.46,16.97
6.93,34.57,69.45,8.05,18.03
6.41,36.12,66.89,8.63,18.14
6.76,35.1,70.28,10.26,18.67
6.21,36.64,67.85,2.83,18.97
5.43,36.77,69.73,3.32,19.64
6.37,37.41,67.83,4.79,19.34
5.5,36.77,65.9,7.4,18.92
4.96,37.29,61.87,0.88,17.78
6.89,38.04,58.0,0.27,16.95
6.86,39.29,54.51,0.53,16.77
6.82,39.16,56.12,0.93,17.14
6.8,36.44,62.22,5.02,17.67
6.81,37.47,56.48,0.28,16.11
6.89,37.71,56.66,0.48,16.1
6.84,38.25,59.09,0.3,17.38
6.79,38.74,57.67,0.71,17.16
6.66,39.01,58.24,2.35,17.63
6.25,37.63,61.34,2.46,18.01
6.18,36.22,64.08,0.18,17.87
1.4,30.39,72.08,24.86,17.1
0.82,31.09,75.89,65.62,16.69
6.23,37.0,60.47,0.0,16.01
7.04,36.95,68.87,0.01,18.96
6.8,36.35,75.69,0.01,21.26
6.55,36.56,74.88,0.01,21.2
6.51,36.36,73.26,0.0,20.48
5.93,36.6,71.37,0.11,20.14
6.77,37.38,70.38,0.64,20.14
5.09,35.78,76.37,11.14,21.17
5.87,33.71,82.25,16.9,21.7
6.55,36.02,73.57,4.57,20.11
6.59,34.23,76.77,1.25,20.71
3.15,34.08,75.65,2.74,20.47
6.42,36.3,69.49,9.46,19.32
5.93,33.1,75.61,9.09,19.98
5.03,31.96,80.08,8.09,20.51
5.85,32.1,81.16,2.81,21.21
5.0,35.02,72.21,0.96,19.97
5.38,33.23,75.11,2.45,19.88
4.94,33.79,74.13,8.26,19.86
6.36,34.28,74.14,1.8,19.85
6.2,32.9,76.78,3.34,20.2
3.43,30.48,86.42,9.91,21.46
2.43,32.21,81.29,8.66,20.96
3.08,32.29,82.98,21.08,21.65
0.61,31.48,85.09,9.06,21.66
2.42,31.15,85.4,12.77,21.4
2.54,31.62,86.08,12.41,21.8
3.8,31.28,84.99,15.97,21.16
2.84,32.85,81.03,9.56,20.65
5.41,31.97,81.37,4.77,20.73
2.75,31.6,84.55,11.38,21.41
3.78,31.2,84.37,9.7,21.14
3.69,31.5,85.08,2.21,21.22
4.9,32.53,81.71,2.45,21.13
5.95,31.63,84.64,2.24,21.18
6.08,32.58,81.87,1.36,20.92
5.69,31.41,82.83,3.36,20.64
6.14,31.04,85.84,1.89,21.07
2.99,30.69,87.46,5.08,21.34
3.13,30.18,86.89,12.03,20.95
6.25,31.76,83.37,4.59,20.61
5.82,32.48,80.29,0.8,20.24
5.94,32.48,82.02,0.42,21.14
5.6,33.2,80.59,1.29,21.26
4.68,31.22,85.26,12.14,21.38
2.03,32.47,82.93,8.36,21.23
3.62,31.94,84.33,5.1,21.23
2.99,32.6,79.23,1.56,20.48
4.66,31.72,83.77,5.73,21.05
5.59,30.7,85.84,4.95,21.36
4.53,31.33,85.92,3.12,21.81
2.92,31.57,85.28,4.2,21.4
4.18,31.45,84.49,5.32,21.2
2.25,30.0,86.09,10.14,20.47
2.75,29.83,86.79,13.67,20.45
4.87,31.31,81.85,3.69,19.88
6.03,32.17,81.21,2.49,20.4
4.87,32.57,80.34,1.32,20.4
5.79,30.98,83.3,1.09,20.44
4.12,32.47,82.53,5.62,20.84
4.99,31.66,83.63,1.88,21.15
4.78,30.55,86.04,3.02,21.17
3.06,30.81,86.59,13.62,20.98
2.15,31.23,82.77,3.31,19.85
2.47,29.7,86.27,5.72,19.77
6.4,32.19,80.09,0.34,19.74
6.03,33.59,77.42,1.07,20.18
5.93,32.59,79.55,5.61,20.79
5.51,30.64,86.62,9.52,21.11
5.23,33.05,81.01,1.51,20.44
5.67,32.1,80.61,0.5,20.24
5.87,33.08,78.06,0.6,20.06
5.48,32.28,81.5,2.71,20.82
6.04,31.91,83.94,7.17,21.68
4.37,30.75,86.2,11.27,21.44
2.22,29.93,90.46,47.4,21.65
2.08,30.05,88.4,28.88,21.18
1.53,31.01,84.88,5.84,20.89
2.83,31.94,85.63,5.69,21.56
2.65,31.26,85.59,10.45,21.26
4.33,31.99,84.3,6.62,21.14
5.21,31.99,86.55,2.22,22.09
4.91,30.79,86.83,1.6,21.5
4.08,32.36,85.45,3.23,22.25
4.75,32.16,83.78,8.31,21.62
2.06,30.76,86.77,25.09,21.2
2.6,29.24,90.44,46.68,21.43
3.78,29.93,87.63,15.37,20.7
4.17,31.85,84.22,5.84,20.56
4.22,30.29,89.38,11.4,21.76
0.7,29.71,90.59,34.65,21.55
2.26,30.78,88.59,22.28,21.35
3.22,30.23,88.86,8.07,21.41
4.01,29.63,90.12,3.12,21.28
2.24,29.55,89.86,6.82,20.98
1.79,28.93,90.56,9.54,20.61
0.33,29.02,91.51,36.8,20.81
3.006,28.72,92.83,70.48,21.0
3.47,29.25,90.34,3.35,20.51
5.75,30.46,86.06,0.62,20.08
6.3,31.24,85.95,0.96,20.82
6.17,31.83,85.01,0.76,21.21
4.063,29.92,87.42,0.33,20.8
1.82,30.55,87.32,9.05,20.58
5.42,29.81,84.72,2.07,19.19
5.57,30.75,83.89,0.35,19.64
6.13,31.95,81.72,0.02,19.88
6.19,31.51,84.46,0.1,20.45
5.75,31.11,86.55,0.2,21.12
5.96,31.65,85.57,0.63,20.9
4.23,31.51,86.31,7.03,21.23
4.62,31.08,86.42,4.43,21.02
2.87,30.61,87.38,1.98,21.08
5.32,32.04,83.09,0.71,20.45
5.58,30.92,84.3,2.79,20.69
4.74,31.33,86.17,1.31,21.16
4.53,30.2,88.95,1.93,21.29
4.32,30.79,86.8,1.69,21.19
4.24,30.45,88.61,1.5,21.56
5.66,30.7,87.12,1.34,21.23
5.54,31.83,81.22,0.27,20.21
5.25,32.4,82.05,2.07,21.09
1.01,31.74,83.88,14.31,21.23
3.53,30.77,84.75,23.34,20.56
4.1,30.45,87.25,12.29,21.1
4.6,31.19,86.14,1.21,21.2
4.29,30.91,86.91,1.12,21.11
2.92,29.31,90.72,0.62,21.21
0.53,29.35,90.8,5.68,21.15
5.6,31.75,82.11,1.72,19.87
5.47,31.49,80.28,0.54,19.17
4.69,30.14,84.87,12.6,19.76
3.17,29.55,90.17,36.8,20.56
2.08,28.62,92.29,24.47,20.48
2.65,29.07,93.32,22.5,21.02
1.82,29.31,92.19,22.31,21.44
2.19,29.48,90.13,13.63,20.71
2.35,29.87,87.9,5.83,20.1
2.11,29.21,91.49,11.5,20.96
3.38,29.56,88.09,6.21,20.5
3.18,30.33,85.68,1.56,20.16
5.33,31.3,83.09,0.31,20.1
4.35,29.57,87.73,5.0,20.24
5.29,31.07,85.81,1.15,20.05
4.6,30.21,89.79,5.49,20.79
2.31,30.75,87.85,10.74,20.96
1.4,29.06,91.86,22.46,20.95
2.29,30.1,89.01,15.46,20.46
4.22,30.25,87.44,6.22,20.18
5.35,30.59,84.47,0.5,19.73
4.43,29.59,85.69,3.24,19.37
4.9,28.88,90.23,14.83,19.64
5.1,30.08,87.99,9.24,20.12
3.82,28.56,93.14,9.67,20.64
1.28,28.51,92.85,26.19,20.48
4.22,29.96,88.19,1.2,19.65
4.75,31.13,80.72,0.36,18.77
4.9,29.92,82.68,0.21,18.3
5.19,29.58,79.45,0.02,16.77
5.31,29.25,75.87,0.0,15.13
5.36,28.82,73.12,0.0,13.97
5.21,28.46,75.87,0.0,13.85
5.2,29.62,78.96,0.02,15.32
5.1,29.7,85.78,0.01,17.23
4.66,29.35,86.97,0.04,18.46
4.75,29.09,87.23,0.0,18.03
4.87,29.18,84.34,0.0,17.43
4.83,28.88,77.82,0.0,15.86
4.73,29.04,67.79,0.0,13.04
5.03,28.1,73.08,0.0,13.33
5.01,27.77,72.52,0.0,12.66
5.13,27.17,74.6,0.0,12.13
5.07,27.0,78.36,0.0,12.73
4.03,27.55,87.23,0.51,15.09
3.9,28.09,86.97,0.75,16.45
2.93,27.8,84.72,0.07,15.8
4.75,28.3,85.1,0.0,15.59
4.73,27.94,83.86,0.0,14.84
4.68,28.04,83.9,0.0,15.04
4.37,28.8,78.8,0.0,15.24
4.63,29.27,78.12,0.0,15.21
4.55,29.09,75.79,0.1,15.17
4.55,28.73,74.92,0.01,14.86
4.5,29.56,77.33,0.21,15.67
3.53,28.71,82.24,2.23,16.28
4.26,26.74,82.63,2.3,14.54
4.48,25.82,77.54,0.0,11.96
3.5,24.93,76.49,0.0,11.08
2.5,24.48,79.67,0.0,11.55
2.05,23.93,86.55,0.53,12.9
2.66,25.17,81.63,0.17,12.19
4.38,26.0,79.31,0.0,11.98
4.51,26.15,73.73,0.0,11.25
4.52,25.87,72.41,0.0,10.83
4.44,25.84,68.93,0.0,10.45
4.21,26.32,70.36,0.0,10.98
4.31,26.12,75.68,0.0,11.73
4.18,26.05,70.34,0.0,10.75
4.35,26.1,69.13,0.0,10.8
4.35,26.19,68.28,0.0,10.66
4.29,26.81,70.85,0.0,10.97
4.3,27.06,71.36,0.0,10.83
4.26,26.66,74.38,0.0,11.41
4.28,26.75,67.47,0.0,10.48
4.21,26.49,68.95,0.0,10.78
4.21,26.38,70.42,0.0,11.05
3.93,26.47,69.33,0.0,11.03
3.98,26.63,75.69,0.0,12.44
4.0,26.11,82.14,0.0,13.32
4.01,26.34,79.88,0.0,13.01
4.08,26.21,81.24,0.0,13.3
3.75,25.04,80.29,0.0,12.66
4.31,23.86,75.47,0.0,10.37
4.34,22.93,64.18,0.0,7.83
4.4,22.9,61.13,0.0,7.25
4.39,23.86,61.49,0.0,7.53
4.34,24.06,63.49,0.0,8.14
4.28,24.42,65.59,0.0,8.74
4.12,24.52,68.52,0.0,9.3
4.34,23.89,67.38,0.0,8.88
4.22,23.77,65.79,0.0,8.52
4.34,23.98,62.46,0.0,8.29
4.31,25.51,64.63,0.0,9.02
4.23,24.57,71.21,0.0,9.86
4.3,24.68,72.24,0.0,9.82
